{
	"EditRecord": {
		"Code": "",
		"CustomerCode": "",
		"StatusCode": "",
		"FirstName": "",
		"MiddleName": "",
		"LastName": "",
		"Title": "",
		"AcadTitle": "",
		"BirthDate": "",
		"BirthPlace": "",
		"Gender": "MALE",
		"Nationality": "",
		"CivilStat": "",
		"SpouseName": "",
		"TIN": "",
		"Email": "",
		"LandlineNo": "",
		"MobileNo": "",
		"ContactPerson": "",
		"CntctRelation": "",
		"AddressLine1": "",
		"AddressLine2": "",
		"City": "",
		"Province": "",
		"Country": "",
		"PostalCode": "",
		"EmailWork": "",
		"LandlineNoWork": "",
		"MobileNoWork": "",
		"AddressLine1Work": "",
		"AddressLine2Work": "",
		"CityWork": "",
		"ProvinceWork": "",
		"CountryWork": "",
		"PostalCodeWork": "",
		"WorkingYears": "",
		"PositionWork": "",
		"ARAccount": "",
		"Referral": "",
		
		"MktGroup": "",
		"MktClassification" : "",
		"MktCustomerSource" : "",
		"MktUserDefined1" : "",
		"MktUserDefined2" : "",
		"MktUserDefined3" : "",
		"MktUserDefined4" : "",
		"MktUserDefined5" : ""

	}
}