"190922161244.91981","5","Azure","Panaraque","NCR","1","Y","Planning","2019-09-22 16:17:45.2530000","manager",,
"190922152814.92487","1","Axis","Mandaluyong","NCR","1","N","Available","2019-09-22 15:33:15.2760000","manager","2019-09-22 18:51:19.1310000","manager"
"190922160551.19253","2","Pines Peak Tower","Mandaluyong","NCR","1","Y","Available","2019-09-22 16:10:51.5200000","manager","2019-09-22 18:51:46.2180000","manager"
"190922160805.63992","3","Amaia Centera","Mandaluyong","NCR","1","Y","Available","2019-09-22 16:13:05.9990000","manager","2019-09-22 18:51:53.1190000","manager"
"190922160942.76752","4","Light Residences","Boni","Mandaluyong NCR","1","Y","Available","2019-09-22 16:14:43.0990000","manager","2019-09-22 18:52:06.1460000","manager"
