"1","C101","2","Chester","Peralta","Arellano","null","null","0019-09-12","null","null","null","null","null","null","null","null","null","null","null","null","null","null","null","null","null","null","null","null","null","null","null","null","null","null","null",0,"null","null","null","null","null","null","null","null","null","12324",,,"2019-09-16","manager"
"190916071503.37505","","2","rfrf","dede","swsw","m","qwe","0019-09-11","awefef","MALE","32rr3r","Widowed","eaf","2342","aaae","","def","de","dewf","efderq","ef","derf","dew","deq","342","jhl","","","","ghk","nol","ln","iuo","09jk","njio",0,"","3423","u9","j8oiu","8j89h","iouoi78g","g76t76","yg6t","uyt76","yghj","2019-09-16","manager",,
"190916072756.52837","CG00001","1","dfae","aer","gfe","","","0019-09-04","","FEMALE","","","adfae","daefwe","","","","","","","","","","","","","","","","","","","","","",0,"","","","","","","","","","","2019-09-16","manager",,
"190916071652.37718","","1","afe","dew","dfvfv","","","0019-09-11","","MALE","","","CCCCC","","","","","","","","","","","","","","","","","","","","","","",0,"","","","","","","","","","","2019-09-16","manager","2019-09-16","manager"
"190916073546.81610","CD00002","1","dafea","aewe","dew","","","2019-08-06","","MALE","","","adsf","adfd","","","","adfa","","","","","","","","","","","","","adfa","","","","",0,"","","","adsfa","","","","","","","2019-09-16","manager",,
